0,0, Header,0,1,480,,
1,0, Start_track,,,,,
1,0, Title_t," ""Bilder einer Ausstellung""",,,,
1,0, Title_t," ""Promenade - Gnomus (1)""",,,,
1,0, Copyright_t," ""Copyright Â© 2000 by Bernd Krueger""",,,,
1,0, Text_t," ""Modest Mussorgski""",,,,
1,0, Text_t," ""Fertiggestellt am 2.1.2000\012""",,,,
1,0, Text_t," ""Update am 11.1.2000\012""",,,,
1,0, Text_t," ""Update am 1.7.2000\012""",,,,
1,0, Text_t," ""Korrektur am 25.7.00\012""",,,,
1,0, Text_t," ""Normierung: 23.12.2002\012""",,,,
1,0, Text_t," ""Update: 18.8.08\012""",,,,
1,0, Text_t," ""Update: 3.11.13\012""",,,,
1,0, Text_t," ""Dauer: 3:32 Minuten\012""",,,,
1,0, SMPTE_offset,96,0,3,0,0
1,0, Time_signature,5,2,24,8,
1,0, Key_signature,-2," ""major""",,,
1,0, Tempo,600000,,,,
1,0, Marker_t," ""Promenade""",,,,
1,0, Program_c,0,0,,,
1,0, Control_c,0,7,100,,
1,0, Control_c,0,10,64,,
1,0, Control_c,0,91,127,,
1,0, Control_c,0,91,127,,
1,0, Text_t," ""bdca426d104a26ac9dcb070447587523""",,,,
1,0, Program_c,0,0,,,
1,0, Control_c,0,7,100,,
1,0, Control_c,0,10,64,,
1,0, Control_c,0,91,127,,
1,0, Control_c,0,64,0,,
1,0, Note_on_c,0,67.0,90,,
1,71, Control_c,0,64,127,,
1,480, Note_on_c,0,65.0,84,,
1,490, Control_c,0,64,0,,
1,480, Note_on_c,0,70.0,90,,
1,664, Control_c,0,64,127,,
1,960, Tempo,588235,,,,
1,960, Note_on_c,0,77.0,90,,
1,972, Control_c,0,64,0,,
1,960, Note_off_c,0,70.0,0,,
1,1130, Control_c,0,64,127,,
1,1440, Tempo,576923,,,,
1,1440, Note_on_c,0,70.0,81,,
1,1445, Control_c,0,64,0,,
1,1440, Note_on_c,0,72.0,86,,
1,1610, Control_c,0,64,127,,
1,1680, Tempo,582524,,,,
1,1440, Note_on_c,0,63.0,84,,
1,1920, Note_on_c,0,29.0,82,,
1,1920, Tempo,588235,,,,
1,1920, Note_on_c,0,68.0,84,,
1,1930, Control_c,0,64,0,,
1,1920, Note_on_c,0,48.0,86,,
1,2076, Control_c,0,64,127,,
1,2400, Time_signature,6,2,24,8,
1,2400, Tempo,574163,,,,
1,2400, Note_off_c,0,70.0,0,,
1,2400, Control_c,0,64,0,,
1,2400, Note_on_c,0,41.0,85,,
1,2460, Control_c,0,64,127,,
1,2640, Tempo,588235,,,,
1,2400, Note_off_c,0,65.0,0,,
1,2880, Note_on_c,0,34.0,83,,
1,2880, Tempo,600000,,,,
1,2880, Note_off_c,0,48.0,0,,
1,2892, Control_c,0,64,0,,
1,2880, Note_on_c,0,42.0,81,,
1,3078, Control_c,0,64,127,,
1,3360, Note_on_c,0,50.0,70,,
1,3372, Control_c,0,64,0,,
1,3360, Note_off_c,0,72.0,0,,
1,3544, Control_c,0,64,127,,
1,3840, Note_on_c,0,70.0,80,,
1,3851, Control_c,0,64,0,,
1,3840, Note_off_c,0,67.0,0,,
1,4052, Control_c,0,64,127,,
1,4320, Note_on_c,0,43.0,73,,
1,4332, Control_c,0,64,0,,
1,4320, Note_on_c,0,74.0,61,,
1,4518, Control_c,0,64,127,,
1,4800, Tempo,631579,,,,
1,4800, Note_on_c,0,54.0,72,,
1,4812, Control_c,0,64,0,,
1,4800, Note_on_c,0,55.0,71,,
1,4941, Control_c,0,64,127,,
1,5167, Control_c,0,64,0,,
1,5280, Note_off_c,0,55.0,0,,
1,5280, Time_signature,5,2,24,8,
1,5280, Tempo,600000,,,,
1,5280, Note_on_c,0,60.0,66,,
1,5280, Note_on_c,0,46.0,80,,
1,5280, Note_off_c,0,41.0,0,,
1,5280, Note_off_c,0,74.0,0,,
1,5280, Note_on_c,0,72.0,61,,
1,5379, Control_c,0,64,127,,
1,5760, Note_on_c,0,69.0,66,,
1,5760, Note_off_c,0,68.0,0,,
1,5760, Note_on_c,0,73.0,69,,
1,5760, Note_on_c,0,79.0,66,,
1,5760, Note_on_c,0,49.0,80,,
1,5760, Note_off_c,0,77.0,0,,
1,5760, Note_off_c,0,79.0,0,,
1,5760, Note_off_c,0,50.0,0,,
1,5760, Note_on_c,0,77.0,62,,
1,5760, Note_on_c,0,40.0,66,,
1,5772, Control_c,0,64,0,,
1,5958, Control_c,0,64,127,,
1,6240, Tempo,585366,,,,
1,6240, Note_on_c,0,56.0,69,,
1,6240, Note_off_c,0,70.0,0,,
1,6240, Note_on_c,0,70.0,80,,
1,6240, Note_on_c,0,48.0,75,,
1,6240, Note_on_c,0,76.0,57,,
1,6240, Note_on_c,0,67.0,62,,
1,6240, Note_on_c,0,36.0,77,,
1,6240, Note_on_c,0,75.0,70,,
1,6240, Note_off_c,0,72.0,0,,
1,6240, Note_on_c,0,65.0,77,,
1,6252, Control_c,0,64,0,,
1,6438, Control_c,0,64,127,,
1,6720, Tempo,594059,,,,
1,6720, Note_on_c,0,58.0,75,,
1,6720, Note_on_c,0,31.0,54,,
1,6720, Note_on_c,0,62.0,55,,
1,6720, Note_off_c,0,77.0,0,,
1,6720, Note_on_c,0,44.0,67,,
1,6720, Note_off_c,0,65.0,0,,
1,6720, Note_on_c,0,81.0,66,,
1,6720, Note_on_c,0,82.0,79,,
1,6720, Note_on_c,0,68.0,65,,
1,6720, Note_on_c,0,72.0,63,,
1,6732, Control_c,0,64,0,,
1,6932, Control_c,0,64,127,,
1,6960, Tempo,600000,,,,
1,6720, Note_on_c,0,41.0,76,,
1,6720, Note_off_c,0,76.0,0,,
1,7200, Tempo,591133,,,,
1,7200, Note_on_c,0,51.0,72,,
1,7200, Note_on_c,0,45.0,69,,
1,7200, Note_on_c,0,65.0,82,,
1,7200, Note_off_c,0,75.0,0,,
1,7200, Note_on_c,0,66.0,67,,
1,7200, Note_off_c,0,58.0,0,,
1,7200, Note_off_c,0,65.0,0,,
1,7200, Note_off_c,0,31.0,0,,
1,7200, Note_on_c,0,65.0,60,,
1,7200, Note_off_c,0,34.0,0,,
1,7212, Control_c,0,64,0,,
1,7370, Control_c,0,64,127,,
1,7680, Time_signature,6,2,24,8,
1,7680, Tempo,594059,,,,
1,7680, Note_on_c,0,79.0,69,,
1,7680, Note_off_c,0,40.0,0,,
1,7680, Note_off_c,0,67.0,0,,
1,7680, Note_off_c,0,70.0,0,,
1,7680, Note_on_c,0,67.0,64,,
1,7680, Note_off_c,0,72.0,0,,
1,7680, Note_on_c,0,77.0,76,,
1,7680, Note_off_c,0,45.0,0,,
1,7680, Note_on_c,0,72.0,65,,
1,7680, Note_off_c,0,77.0,0,,
1,7680, Control_c,0,64,0,,
1,7765, Control_c,0,64,127,,
1,7680, Note_on_c,0,55.0,55,,
1,7680, Note_off_c,0,46.0,0,,
1,8160, Note_on_c,0,64.0,66,,
1,8160, Note_on_c,0,30.0,63,,
1,8160, Note_off_c,0,67.0,0,,
1,8160, Note_off_c,0,72.0,0,,
1,8160, Note_off_c,0,66.0,0,,
1,8160, Note_on_c,0,45.0,73,,
1,8160, Note_on_c,0,70.0,68,,
1,8160, Note_off_c,0,41.0,0,,
1,8160, Note_off_c,0,79.0,0,,
1,8160, Note_off_c,0,55.0,0,,
1,8166, Control_c,0,64,0,,
1,8200, Tempo,600000,,,,
1,8273, Control_c,0,64,127,,
1,8541, Control_c,0,64,0,,
1,8640, Note_on_c,0,46.0,54,,
1,8640, Note_off_c,0,65.0,0,,
1,8640, Note_off_c,0,68.0,0,,
1,8640, Note_on_c,0,77.0,57,,
1,8640, Note_off_c,0,43.0,0,,
1,8640, Note_on_c,0,74.0,65,,
1,8640, Note_off_c,0,77.0,0,,
1,8640, Note_off_c,0,82.0,0,,
1,8640, Note_off_c,0,63.0,0,,
1,8640, Note_on_c,0,34.0,67,,
1,8810, Control_c,0,64,127,,
1,9120, Note_off_c,0,60.0,0,,
1,9120, Note_off_c,0,69.0,0,,
1,9120, Note_on_c,0,72.0,53,,
1,9120, Note_on_c,0,58.0,51,,
1,9120, Note_on_c,0,60.0,63,,
1,9120, Note_on_c,0,67.0,62,,
1,9120, Note_on_c,0,65.0,55,,
1,9120, Note_on_c,0,41.0,53,,
1,9120, Note_on_c,0,55.0,46,,
1,9120, Note_off_c,0,49.0,0,,
1,9133, Control_c,0,64,0,,
1,9261, Control_c,0,64,127,,
1,9600, Note_on_c,0,43.0,70,,
1,9600, Note_off_c,0,65.0,0,,
1,9600, Note_on_c,0,68.0,95,,
1,9600, Note_on_c,0,66.0,84,,
1,9600, Note_on_c,0,65.0,85,,
1,9600, Note_off_c,0,58.0,0,,
1,9600, Note_off_c,0,60.0,0,,
1,9600, Note_off_c,0,56.0,0,,
1,9600, Note_off_c,0,43.0,0,,
1,9600, Note_on_c,0,53.0,82,,
1,9611, Control_c,0,64,0,,
1,9756, Control_c,0,64,127,,
1,10080, Tempo,648649,,,,
1,10080, Note_on_c,0,75.0,74,,
1,10080, Note_off_c,0,42.0,0,,
1,10080, Note_off_c,0,29.0,0,,
1,10080, Note_on_c,0,69.0,83,,
1,10080, Note_off_c,0,72.0,0,,
1,10080, Note_off_c,0,70.0,0,,
1,10080, Note_off_c,0,48.0,0,,
1,10080, Note_off_c,0,65.0,0,,
1,10080, Note_off_c,0,41.0,0,,
1,10080, Note_on_c,0,72.0,83,,
1,10092, Control_c,0,64,0,,
1,10236, Control_c,0,64,127,,
1,10461, Control_c,0,64,0,,
1,10560, Note_on_c,0,60.0,77,,
1,10560, Note_on_c,0,58.0,85,,
1,10560, Note_off_c,0,68.0,0,,
1,10560, Note_on_c,0,65.0,80,,
1,10560, Note_off_c,0,72.0,0,,
1,10560, Time_signature,5,2,24,8,
1,10560, Tempo,600000,,,,
1,10560, Note_on_c,0,72.0,71,,
1,10645, Control_c,0,64,127,,
1,11040, Note_off_c,0,72.0,0,,
1,11052, Control_c,0,64,0,,
1,11040, Note_off_c,0,65.0,0,,
1,11266, Control_c,0,64,127,,
1,11520, Note_on_c,0,70.0,71,,
1,11532, Control_c,0,64,0,,
1,11520, Note_off_c,0,46.0,0,,
1,11560, Tempo,591133,,,,
1,11704, Control_c,0,64,127,,
1,12000, Tempo,582524,,,,
1,12000, Note_on_c,0,40.0,62,,
1,12010, Control_c,0,64,0,,
1,12000, Note_on_c,0,41.0,74,,
1,12198, Control_c,0,64,127,,
1,12240, Tempo,591133,,,,
1,12000, Note_on_c,0,48.0,81,,
1,12480, Note_off_c,0,81.0,0,,
1,12480, Note_on_c,0,65.0,64,,
1,12492, Control_c,0,64,0,,
1,12480, Note_on_c,0,63.0,60,,
1,12664, Control_c,0,64,127,,
1,12960, Time_signature,6,2,24,8,
1,12960, Tempo,579710,,,,
1,12960, Note_on_c,0,68.0,71,,
1,12960, Control_c,0,64,0,,
1,12960, Note_off_c,0,60.0,0,,
1,13017, Control_c,0,64,127,,
1,13200, Tempo,585366,,,,
1,12960, Note_off_c,0,65.0,0,,
1,13440, Note_off_c,0,30.0,0,,
1,13440, Tempo,603015,,,,
1,13440, Note_off_c,0,69.0,0,,
1,13452, Control_c,0,64,0,,
1,13440, Note_on_c,0,65.0,80,,
1,13610, Control_c,0,64,127,,
1,13821, Control_c,0,64,0,,
1,13920, Note_off_c,0,73.0,0,,
1,13920, Tempo,600000,,,,
1,13920, Note_on_c,0,72.0,63,,
1,13920, Note_off_c,0,68.0,0,,
1,13920, Note_on_c,0,77.0,58,,
1,13920, Note_on_c,0,69.0,77,,
1,14076, Control_c,0,64,127,,
1,14400, Tempo,588235,,,,
1,14400, Note_off_c,0,41.0,0,,
1,14400, Note_off_c,0,77.0,0,,
1,14400, Note_off_c,0,72.0,0,,
1,14400, Note_off_c,0,63.0,0,,
1,14400, Note_off_c,0,58.0,0,,
1,14400, Note_on_c,0,41.0,77,,
1,14400, Note_off_c,0,48.0,0,,
1,14400, Note_on_c,0,48.0,57,,
1,14408, Control_c,0,64,0,,
1,14556, Control_c,0,64,127,,
1,14880, Tempo,582524,,,,
1,14880, Note_off_c,0,65.0,0,,
1,14880, Note_off_c,0,36.0,0,,
1,14880, Note_on_c,0,57.0,56,,
1,14880, Note_on_c,0,65.0,95,,
1,14880, Note_on_c,0,36.0,86,,
1,14880, Note_off_c,0,70.0,0,,
1,14880, Note_off_c,0,44.0,0,,
1,14880, Note_on_c,0,43.0,86,,
1,14892, Control_c,0,64,0,,
1,15064, Control_c,0,64,127,,
1,15120, Tempo,588235,,,,
1,14880, Note_off_c,0,45.0,0,,
1,14880, Note_off_c,0,67.0,0,,
1,15360, Tempo,615385,,,,
1,15360, Note_on_c,0,45.0,85,,
1,15360, Note_off_c,0,53.0,0,,
1,15360, Note_off_c,0,41.0,0,,
1,15360, Note_off_c,0,55.0,0,,
1,15360, Note_on_c,0,60.0,77,,
1,15360, Note_on_c,0,72.0,87,,
1,15360, Note_off_c,0,60.0,0,,
1,15372, Control_c,0,64,0,,
1,15544, Control_c,0,64,127,,
1,15713, Control_c,0,64,0,,
1,15840, Note_off_c,0,36.0,0,,
1,15840, Note_on_c,0,77.0,90,,
1,15840, Note_off_c,0,43.0,0,,
1,15840, Time_signature,5,2,24,8,
1,15840, Tempo,600000,,,,
1,15840, Note_off_c,0,72.0,0,,
1,15981, Control_c,0,64,127,,
1,16320, Note_off_c,0,74.0,0,,
1,16330, Control_c,0,64,0,,
1,16320, Note_off_c,0,65.0,0,,
1,16546, Control_c,0,64,127,,
1,16800, Tempo,591133,,,,
1,16800, Note_on_c,0,29.0,74,,
1,16812, Control_c,0,64,0,,
1,16800, Note_on_c,0,67.0,79,,
1,17012, Control_c,0,64,127,,
1,17280, Tempo,582524,,,,
1,17280, Note_on_c,0,72.0,83,,
1,17287, Control_c,0,64,0,,
1,17280, Note_on_c,0,73.0,71,,
1,17464, Control_c,0,64,127,,
1,17520, Tempo,585366,,,,
1,17280, Note_on_c,0,65.0,73,,
1,17760, Note_off_c,0,72.0,0,,
1,17760, Tempo,591133,,,,
1,17760, Note_on_c,0,70.0,62,,
1,17767, Control_c,0,64,0,,
1,17760, Note_off_c,0,48.0,0,,
1,17873, Control_c,0,64,127,,
1,18240, Time_signature,6,2,24,8,
1,18240, Tempo,582524,,,,
1,18240, Note_on_c,0,31.0,68,,
1,18240, Control_c,0,64,0,,
1,18240, Note_on_c,0,50.0,81,,
1,18331, Control_c,0,64,127,,
1,18480, Tempo,591133,,,,
1,18240, Note_on_c,0,43.0,66,,
1,18720, Note_off_c,0,77.0,0,,
1,18720, Tempo,591133,,,,
1,18720, Note_on_c,0,74.0,58,,
1,18725, Control_c,0,64,0,,
1,18720, Note_on_c,0,79.0,77,,
1,18823, Control_c,0,64,127,,
1,19086, Control_c,0,64,0,,
1,19200, Note_on_c,0,41.0,66,,
1,19200, Tempo,600000,,,,
1,19200, Note_off_c,0,67.0,0,,
1,19200, Note_on_c,0,77.0,67,,
1,19200, Note_on_c,0,33.0,56,,
1,19200, Note_off_c,0,70.0,0,,
1,19337, Control_c,0,64,127,,
1,19680, Note_off_c,0,66.0,0,,
1,19680, Note_off_c,0,65.0,0,,
1,19680, Note_on_c,0,67.0,77,,
1,19680, Note_on_c,0,48.0,75,,
1,19680, Note_off_c,0,67.0,0,,
1,19680, Note_on_c,0,58.0,64,,
1,19680, Note_on_c,0,53.0,55,,
1,19680, Note_on_c,0,68.0,47,,
1,19687, Control_c,0,64,0,,
1,19817, Control_c,0,64,127,,
1,20160, Tempo,591133,,,,
1,20160, Note_off_c,0,58.0,0,,
1,20160, Note_on_c,0,67.0,42,,
1,20160, Note_on_c,0,58.0,39,,
1,20160, Note_on_c,0,63.0,38,,
1,20160, Note_off_c,0,68.0,0,,
1,20160, Note_on_c,0,55.0,30,,
1,20160, Note_off_c,0,62.0,0,,
1,20160, Note_on_c,0,70.0,48,,
1,20167, Control_c,0,64,0,,
1,20297, Control_c,0,64,127,,
1,20160, Note_on_c,0,65.0,42,,
1,20160, Note_on_c,0,38.0,40,,
1,20640, Tempo,631579,,,,
1,20640, Note_off_c,0,75.0,0,,
1,20640, Note_off_c,0,65.0,0,,
1,20640, Note_off_c,0,67.0,0,,
1,20640, Note_on_c,0,39.0,50,,
1,20640, Note_off_c,0,70.0,0,,
1,20640, Note_off_c,0,69.0,0,,
1,20640, Note_off_c,0,63.0,0,,
1,20647, Control_c,0,64,0,,
1,20755, Control_c,0,64,127,,
1,20983, Control_c,0,64,0,,
1,21120, Note_on_c,0,75.0,31,,
1,21120, Note_on_c,0,68.0,31,,
1,21120, Note_off_c,0,34.0,0,,
1,21120, Tempo,600000,,,,
1,21120, Note_on_c,0,56.0,48,,
1,21120, Note_on_c,0,69.0,42,,
1,21120, Note_on_c,0,70.0,49,,
1,21120, Note_off_c,0,69.0,0,,
1,21120, Note_on_c,0,46.0,34,,
1,21134, Control_c,0,64,127,,
1,21600, Note_on_c,0,60.0,35,,
1,21600, Note_off_c,0,43.0,0,,
1,21600, Note_off_c,0,46.0,0,,
1,21600, Note_off_c,0,38.0,0,,
1,21608, Control_c,0,64,0,,
1,21798, Control_c,0,64,127,,
1,22080, Note_on_c,0,65.0,40,,
1,22080, Note_off_c,0,65.0,0,,
1,22080, Note_on_c,0,65.0,47,,
1,22080, Note_off_c,0,74.0,0,,
1,22080, Note_off_c,0,60.0,0,,
1,22080, Note_on_c,0,62.0,54,,
1,22080, Note_on_c,0,74.0,46,,
1,22080, Note_off_c,0,77.0,0,,
1,22092, Control_c,0,64,0,,
1,22207, Control_c,0,64,127,,
1,22547, Control_c,0,64,0,,
1,22560, Tempo,579710,,,,
1,22560, Note_off_c,0,74.0,0,,
1,22560, Note_off_c,0,41.0,0,,
1,22560, Note_on_c,0,36.0,32,,
1,22560, Note_on_c,0,74.0,30,,
1,22560, Note_on_c,0,81.0,47,,
1,22560, Note_on_c,0,41.0,43,,
1,22560, Note_off_c,0,29.0,0,,
1,22560, Note_on_c,0,63.0,44,,
1,22560, Note_on_c,0,29.0,42,,
1,22560, Note_off_c,0,48.0,0,,
1,22673, Control_c,0,64,127,,
1,22800, Tempo,576923,,,,
1,22560, Note_off_c,0,65.0,0,,
1,22560, Note_off_c,0,74.0,0,,
1,22560, Note_off_c,0,79.0,0,,
1,22560, Note_off_c,0,41.0,0,,
1,23040, Note_on_c,0,77.0,31,,
1,23040, Note_on_c,0,72.0,27,,
1,23040, Note_off_c,0,45.0,0,,
1,23040, Note_on_c,0,67.0,63,,
1,23040, Note_off_c,0,62.0,0,,
1,23040, Note_off_c,0,77.0,0,,
1,23040, Note_off_c,0,70.0,0,,
1,23040, Note_on_c,0,41.0,68,,
1,23052, Control_c,0,64,0,,
1,23196, Control_c,0,64,127,,
1,23280, Tempo,582524,,,,
1,23040, Note_off_c,0,72.0,0,,
1,23040, Note_on_c,0,70.0,60,,
1,23040, Note_off_c,0,33.0,0,,
1,23040, Note_on_c,0,72.0,64,,
1,23520, Tempo,603015,,,,
1,23520, Note_off_c,0,67.0,0,,
1,23520, Note_off_c,0,58.0,0,,
1,23520, Note_on_c,0,46.0,50,,
1,23520, Note_off_c,0,41.0,0,,
1,23520, Note_off_c,0,50.0,0,,
1,23520, Note_on_c,0,67.0,51,,
1,23520, Note_on_c,0,33.0,57,,
1,23520, Note_on_c,0,60.0,66,,
1,23532, Control_c,0,64,0,,
1,23676, Control_c,0,64,127,,
1,23802, Control_c,0,64,0,,
1,24000, Note_off_c,0,75.0,0,,
1,24000, Note_on_c,0,44.0,62,,
1,24000, Note_off_c,0,67.0,0,,
1,24000, Note_on_c,0,69.0,58,,
1,24000, Tempo,576923,,,,
1,24000, Note_on_c,0,30.0,54,,
1,24000, Note_on_c,0,38.0,43,,
1,24000, Note_off_c,0,53.0,0,,
1,24000, Note_on_c,0,62.0,52,,
1,24000, Note_on_c,0,77.0,71,,
1,24000, Note_on_c,0,67.0,67,,
1,24000, Note_on_c,0,78.0,63,,
1,24057, Control_c,0,64,127,,
1,24240, Tempo,585366,,,,
1,24000, Note_off_c,0,57.0,0,,
1,24000, Note_on_c,0,43.0,52,,
1,24000, Note_on_c,0,65.0,47,,
1,24000, Note_off_c,0,81.0,0,,
1,24000, Note_off_c,0,63.0,0,,
1,24000, Note_on_c,0,41.0,69,,
1,24000, Note_off_c,0,65.0,0,,
1,24000, Note_on_c,0,63.0,68,,
1,24000, Note_off_c,0,69.0,0,,
1,24000, Note_off_c,0,29.0,0,,
1,24000, Note_off_c,0,70.0,0,,
1,24000, Note_off_c,0,30.0,0,,
1,24244, Control_c,0,64,0,,
1,24354, Control_c,0,64,127,,
1,24480, Tempo,576923,,,,
1,24480, Note_on_c,0,65.0,60,,
1,24480, Note_on_c,0,70.0,60,,
1,24480, Note_off_c,0,65.0,0,,
1,24480, Note_off_c,0,70.0,0,,
1,24480, Note_off_c,0,33.0,0,,
1,24480, Note_off_c,0,43.0,0,,
1,24480, Note_off_c,0,72.0,0,,
1,24480, Note_off_c,0,41.0,0,,
1,24480, Note_off_c,0,67.0,0,,
1,24480, Note_on_c,0,69.0,69,,
1,24480, Note_on_c,0,37.0,61,,
1,24480, Note_off_c,0,69.0,0,,
1,24492, Control_c,0,64,0,,
1,24617, Control_c,0,64,127,,
1,24720, Tempo,576923,,,,
1,24480, Note_on_c,0,65.0,48,,
1,24480, Note_on_c,0,72.0,58,,
1,24480, Note_off_c,0,55.0,0,,
1,24480, Note_off_c,0,46.0,0,,
1,24480, Note_on_c,0,74.0,58,,
1,24960, Tempo,574163,,,,
1,24960, Note_off_c,0,77.0,0,,
1,24960, Note_off_c,0,65.0,0,,
1,24960, Note_on_c,0,43.0,55,,
1,24960, Note_on_c,0,67.0,65,,
1,24960, Note_off_c,0,43.0,0,,
1,24960, Note_on_c,0,79.0,58,,
1,24960, Note_on_c,0,43.0,43,,
1,24960, Note_on_c,0,29.0,56,,
1,24960, Note_off_c,0,60.0,0,,
1,24965, Control_c,0,64,0,,
1,25086, Control_c,0,64,127,,
1,24960, Note_off_c,0,67.0,0,,
1,24960, Note_on_c,0,70.0,70,,
1,24960, Note_on_c,0,69.0,71,,
1,24960, Note_on_c,0,30.0,62,,
1,24960, Note_on_c,0,65.0,62,,
1,24960, Note_on_c,0,77.0,50,,
1,24960, Note_on_c,0,46.0,54,,
1,24960, Note_on_c,0,41.0,68,,
1,24960, Note_off_c,0,69.0,0,,
1,24960, Note_off_c,0,77.0,0,,
1,24960, Note_off_c,0,31.0,0,,
1,24960, Note_off_c,0,38.0,0,,
1,25204, Control_c,0,64,0,,
1,25280, Control_c,0,64,127,,
1,25440, Tempo,585366,,,,
1,25440, Note_off_c,0,36.0,0,,
1,25440, Note_on_c,0,67.0,55,,
1,25440, Note_off_c,0,65.0,0,,
1,25440, Note_on_c,0,81.0,63,,
1,25440, Note_off_c,0,72.0,0,,
1,25440, Note_off_c,0,30.0,0,,
1,25440, Note_off_c,0,63.0,0,,
1,25440, Note_on_c,0,55.0,67,,
1,25440, Note_off_c,0,43.0,0,,
1,25440, Note_off_c,0,55.0,0,,
1,25440, Note_off_c,0,41.0,0,,
1,25440, Note_off_c,0,79.0,0,,
1,25451, Control_c,0,64,0,,
1,25543, Control_c,0,64,127,,
1,25440, Note_on_c,0,77.0,57,,
1,25440, Note_off_c,0,77.0,0,,
1,25440, Note_on_c,0,53.0,56,,
1,25440, Note_on_c,0,45.0,42,,
1,25440, Note_off_c,0,46.0,0,,
1,25440, Note_off_c,0,53.0,0,,
1,25920, Note_on_c,0,72.0,42,,
1,25920, Note_off_c,0,45.0,0,,
1,25920, Note_off_c,0,67.0,0,,
1,25920, Note_on_c,0,75.0,63,,
1,25920, Note_off_c,0,70.0,0,,
1,25920, Note_on_c,0,65.0,64,,
1,25920, Note_off_c,0,44.0,0,,
1,25920, Note_on_c,0,52.0,55,,
1,25920, Note_off_c,0,81.0,0,,
1,25920, Note_off_c,0,40.0,0,,
1,25934, Control_c,0,64,0,,
1,26057, Control_c,0,64,127,,
1,25920, Note_on_c,0,58.0,63,,
1,25920, Note_on_c,0,70.0,54,,
1,25920, Note_on_c,0,77.0,50,,
1,25920, Note_off_c,0,65.0,0,,
1,25920, Note_on_c,0,48.0,37,,
1,25920, Note_off_c,0,58.0,0,,
1,26400, Note_on_c,0,69.0,44,,
1,26400, Note_on_c,0,33.0,44,,
1,26400, Note_off_c,0,74.0,0,,
1,26400, Note_on_c,0,43.0,51,,
1,26400, Note_off_c,0,69.0,0,,
1,26400, Note_on_c,0,65.0,40,,
1,26400, Note_on_c,0,60.0,28,,
1,26400, Note_off_c,0,72.0,0,,
1,26400, Note_on_c,0,72.0,39,,
1,26400, Note_off_c,0,72.0,0,,
1,26411, Control_c,0,64,0,,
1,26537, Control_c,0,64,127,,
1,26640, Tempo,612245,,,,
1,26800, Control_c,0,64,0,,
1,26880, Note_off_c,0,65.0,0,,
1,26880, Note_off_c,0,62.0,0,,
1,26880, Note_on_c,0,65.0,50,,
1,26880, Note_on_c,0,53.0,43,,
1,26880, Note_off_c,0,39.0,0,,
1,26880, Note_off_c,0,43.0,0,,
1,26880, Time_signature,5,2,24,8,
1,26880, Tempo,600000,,,,
1,26880, Note_off_c,0,29.0,0,,
1,26880, Note_on_c,0,63.0,44,,
1,26880, Note_on_c,0,74.0,50,,
1,26880, Note_on_c,0,69.0,30,,
1,26880, Note_off_c,0,77.0,0,,
1,26914, Control_c,0,64,127,,
1,27360, Note_off_c,0,56.0,0,,
1,27360, Note_on_c,0,57.0,40,,
1,27360, Note_off_c,0,33.0,0,,
1,27360, Note_off_c,0,68.0,0,,
1,27372, Control_c,0,64,0,,
1,27520, Control_c,0,64,127,,
1,27840, Note_off_c,0,60.0,0,,
1,27840, Note_off_c,0,70.0,0,,
1,27840, Note_on_c,0,36.0,43,,
1,27840, Note_off_c,0,74.0,0,,
1,27840, Note_off_c,0,75.0,0,,
1,27840, Note_on_c,0,58.0,48,,
1,27840, Note_on_c,0,45.0,51,,
1,27840, Note_on_c,0,77.0,30,,
1,27851, Control_c,0,64,0,,
1,27989, Control_c,0,64,127,,
1,28320, Tempo,582524,,,,
1,28320, Note_on_c,0,81.0,40,,
1,28320, Note_off_c,0,58.0,0,,
1,28320, Note_on_c,0,42.0,55,,
1,28320, Note_on_c,0,62.0,46,,
1,28320, Note_off_c,0,65.0,0,,
1,28320, Note_on_c,0,55.0,53,,
1,28320, Note_on_c,0,65.0,61,,
1,28320, Note_on_c,0,67.0,37,,
1,28320, Note_off_c,0,65.0,0,,
1,28320, Note_off_c,0,69.0,0,,
1,28331, Control_c,0,64,0,,
1,28469, Control_c,0,64,127,,
1,28560, Tempo,579710,,,,
1,28320, Note_on_c,0,58.0,44,,
1,28320, Note_on_c,0,72.0,49,,
1,28320, Note_on_c,0,70.0,59,,
1,28320, Note_off_c,0,72.0,0,,
1,28800, Note_off_c,0,53.0,0,,
1,28800, Note_on_c,0,41.0,52,,
1,28800, Note_off_c,0,62.0,0,,
1,28800, Note_on_c,0,62.0,62,,
1,28800, Note_on_c,0,65.0,52,,
1,28800, Note_on_c,0,72.0,41,,
1,28800, Note_on_c,0,69.0,34,,
1,28800, Note_off_c,0,73.0,0,,
1,28800, Note_off_c,0,41.0,0,,
1,28823, Control_c,0,64,0,,
1,28972, Control_c,0,64,127,,
1,29040, Tempo,618557,,,,
1,28800, Note_off_c,0,77.0,0,,
1,28800, Note_off_c,0,52.0,0,,
1,28800, Note_on_c,0,68.0,53,,
1,28800, Note_off_c,0,65.0,0,,
1,28800, Note_on_c,0,77.0,64,,
1,28800, Note_on_c,0,65.0,53,,
1,29280, Time_signature,6,2,24,8,
1,29280, Tempo,600000,,,,
1,29280, Note_on_c,0,74.0,63,,
1,29280, Note_off_c,0,77.0,0,,
1,29280, Note_off_c,0,72.0,0,,
1,29280, Note_on_c,0,41.0,42,,
1,29280, Note_on_c,0,75.0,33,,
1,29280, Note_off_c,0,63.0,0,,
1,29280, Note_off_c,0,41.0,0,,
1,29280, Control_c,0,64,0,,
1,29368, Control_c,0,64,127,,
1,29760, Note_on_c,0,43.0,51,,
1,29760, Note_off_c,0,69.0,0,,
1,29760, Note_on_c,0,77.0,52,,
1,29760, Note_on_c,0,69.0,61,,
1,29769, Control_c,0,64,0,,
1,29930, Control_c,0,64,127,,
1,30240, Tempo,591133,,,,
1,30240, Note_off_c,0,36.0,0,,
1,30240, Note_off_c,0,74.0,0,,
1,30240, Note_off_c,0,64.0,0,,
1,30240, Note_off_c,0,67.0,0,,
1,30240, Note_on_c,0,30.0,46,,
1,30240, Note_off_c,0,75.0,0,,
1,30240, Note_on_c,0,67.0,33,,
1,30240, Note_off_c,0,62.0,0,,
1,30252, Control_c,0,64,0,,
1,30381, Control_c,0,64,127,,
1,30720, Tempo,585366,,,,
1,30720, Note_on_c,0,64.0,60,,
1,30720, Note_off_c,0,70.0,0,,
1,30720, Note_on_c,0,75.0,53,,
1,30720, Note_on_c,0,56.0,62,,
1,30720, Note_off_c,0,65.0,0,,
1,30720, Note_off_c,0,30.0,0,,
1,30720, Note_off_c,0,58.0,0,,
1,30720, Note_off_c,0,55.0,0,,
1,30720, Note_on_c,0,79.0,57,,
1,30720, Note_on_c,0,53.0,43,,
1,30732, Control_c,0,64,0,,
1,30876, Control_c,0,64,127,,
1,30720, Note_off_c,0,53.0,0,,
1,30720, Note_on_c,0,65.0,33,,
1,30720, Note_on_c,0,38.0,49,,
1,30720, Note_on_c,0,58.0,62,,
1,31200, Note_off_c,0,69.0,0,,
1,31200, Note_off_c,0,65.0,0,,
1,31200, Note_on_c,0,63.0,62,,
1,31200, Note_off_c,0,67.0,0,,
1,31200, Note_on_c,0,62.0,55,,
1,31200, Note_off_c,0,48.0,0,,
1,31200, Note_on_c,0,76.0,43,,
1,31200, Note_off_c,0,62.0,0,,
1,31200, Note_on_c,0,50.0,33,,
1,31212, Control_c,0,64,0,,
1,31384, Control_c,0,64,127,,
1,31200, Note_on_c,0,73.0,58,,
1,31200, Note_on_c,0,30.0,70,,
1,31200, Note_off_c,0,50.0,0,,
1,31680, Note_on_c,0,29.0,64,,
1,31680, Note_off_c,0,77.0,0,,
1,31680, Note_on_c,0,33.0,77,,
1,31680, Note_off_c,0,68.0,0,,
1,31680, Note_off_c,0,33.0,0,,
1,31680, Note_on_c,0,67.0,68,,
1,31680, Note_on_c,0,46.0,53,,
1,31680, Note_off_c,0,63.0,0,,
1,31692, Control_c,0,64,0,,
1,31821, Control_c,0,64,127,,
1,32061, Control_c,0,64,0,,
1,32160, Note_off_c,0,67.0,0,,
1,32160, Note_on_c,0,31.0,57,,
1,32160, Note_on_c,0,68.0,71,,
1,32160, Note_on_c,0,67.0,65,,
1,32160, Tempo,574163,,,,
1,32160, Note_off_c,0,42.0,0,,
1,32160, Note_on_c,0,65.0,60,,
1,32160, Note_on_c,0,69.0,59,,
1,32160, Note_off_c,0,65.0,0,,
1,32160, Note_off_c,0,69.0,0,,
1,32160, Note_on_c,0,65.0,48,,
1,32160, Note_on_c,0,70.0,59,,
1,32194, Control_c,0,64,127,,
1,32400, Tempo,585366,,,,
1,32160, Note_off_c,0,68.0,0,,
1,32160, Note_off_c,0,70.0,0,,
1,32160, Note_on_c,0,41.0,81,,
1,32160, Note_on_c,0,77.0,74,,
1,32160, Note_on_c,0,70.0,70,,
1,32160, Note_on_c,0,63.0,57,,
1,32160, Note_off_c,0,41.0,0,,
1,32160, Note_on_c,0,60.0,56,,
1,32160, Note_off_c,0,65.0,0,,
1,32160, Note_off_c,0,73.0,0,,
1,32160, Note_on_c,0,62.0,61,,
1,32160, Note_off_c,0,56.0,0,,
1,32409, Control_c,0,64,0,,
1,32457, Control_c,0,64,127,,
1,32640, Tempo,576923,,,,
1,32640, Note_off_c,0,79.0,0,,
1,32640, Note_off_c,0,30.0,0,,
1,32640, Note_off_c,0,62.0,0,,
1,32640, Note_on_c,0,79.0,68,,
1,32640, Note_on_c,0,62.0,71,,
1,32640, Note_on_c,0,48.0,68,,
1,32640, Note_off_c,0,43.0,0,,
1,32640, Note_on_c,0,74.0,66,,
1,32640, Note_on_c,0,80.0,77,,
1,32640, Note_off_c,0,77.0,0,,
1,32640, Note_off_c,0,74.0,0,,
1,32640, Note_on_c,0,72.0,72,,
1,32653, Control_c,0,64,0,,
1,32800, Control_c,0,64,127,,
1,32880, Tempo,568720,,,,
1,32640, Note_off_c,0,67.0,0,,
1,32640, Note_off_c,0,75.0,0,,
1,32640, Note_on_c,0,41.0,53,,
1,32640, Note_off_c,0,41.0,0,,
1,32640, Note_off_c,0,60.0,0,,
1,32640, Note_off_c,0,38.0,0,,
1,33120, Tempo,576923,,,,
1,33120, Note_on_c,0,43.0,55,,
1,33120, Note_off_c,0,45.0,0,,
1,33120, Note_off_c,0,58.0,0,,
1,33120, Note_on_c,0,74.0,72,,
1,33120, Note_on_c,0,55.0,69,,
1,33120, Note_off_c,0,70.0,0,,
1,33120, Note_on_c,0,58.0,64,,
1,33120, Note_on_c,0,30.0,55,,
1,33120, Note_on_c,0,53.0,47,,
1,33120, Note_on_c,0,67.0,70,,
1,33127, Control_c,0,64,0,,
1,33200, Control_c,0,64,127,,
1,33360, Tempo,582524,,,,
1,33120, Note_off_c,0,62.0,0,,
1,33120, Note_off_c,0,67.0,0,,
1,33120, Note_on_c,0,56.0,83,,
1,33120, Note_on_c,0,33.0,74,,
1,33120, Note_on_c,0,70.0,69,,
1,33120, Note_on_c,0,41.0,66,,
1,33120, Note_off_c,0,70.0,0,,
1,33120, Note_on_c,0,67.0,55,,
1,33120, Note_off_c,0,72.0,0,,
1,33120, Note_on_c,0,60.0,56,,
1,33120, Note_off_c,0,56.0,0,,
1,33120, Note_on_c,0,36.0,70,,
1,33366, Control_c,0,64,0,,
1,33463, Control_c,0,64,127,,
1,33600, Tempo,579710,,,,
1,33600, Note_on_c,0,65.0,72,,
1,33600, Note_off_c,0,65.0,0,,
1,33600, Note_on_c,0,38.0,67,,
1,33600, Note_off_c,0,81.0,0,,
1,33600, Note_on_c,0,68.0,65,,
1,33600, Note_on_c,0,49.0,74,,
1,33600, Note_off_c,0,57.0,0,,
1,33600, Note_off_c,0,46.0,0,,
1,33600, Note_off_c,0,55.0,0,,
1,33600, Note_on_c,0,62.0,70,,
1,33600, Note_off_c,0,48.0,0,,
1,33600, Note_off_c,0,74.0,0,,
1,33611, Control_c,0,64,0,,
1,33726, Control_c,0,64,127,,
1,33840, Tempo,585366,,,,
1,33600, Note_off_c,0,36.0,0,,
1,33600, Note_on_c,0,55.0,51,,
1,33600, Note_off_c,0,41.0,0,,
1,33600, Note_on_c,0,75.0,61,,
1,33600, Note_off_c,0,29.0,0,,
1,33600, Note_off_c,0,62.0,0,,
1,34080, Tempo,603015,,,,
1,34080, Note_on_c,0,70.0,67,,
1,34080, Note_off_c,0,67.0,0,,
1,34080, Note_on_c,0,69.0,71,,
1,34080, Note_on_c,0,72.0,55,,
1,34080, Note_on_c,0,41.0,63,,
1,34080, Note_on_c,0,73.0,67,,
1,34080, Note_off_c,0,63.0,0,,
1,34080, Note_off_c,0,79.0,0,,
1,34080, Note_off_c,0,41.0,0,,
1,34080, Note_off_c,0,43.0,0,,
1,34094, Control_c,0,64,0,,
1,34194, Control_c,0,64,127,,
1,34080, Note_on_c,0,77.0,54,,
1,34080, Note_off_c,0,51.0,0,,
1,34080, Note_off_c,0,58.0,0,,
1,34080, Note_off_c,0,60.0,0,,
1,34080, Note_off_c,0,38.0,0,,
1,34080, Note_on_c,0,63.0,51,,
1,34560, Tempo,609137,,,,
1,34560, Note_off_c,0,78.0,0,,
1,34560, Note_on_c,0,65.0,56,,
1,34560, Note_off_c,0,70.0,0,,
1,34560, Note_off_c,0,72.0,0,,
1,34560, Note_on_c,0,72.0,48,,
1,34560, Note_off_c,0,65.0,0,,
1,34560, Note_off_c,0,72.0,0,,
1,34560, Note_on_c,0,43.0,55,,
1,34560, Note_on_c,0,79.0,46,,
1,34560, Note_off_c,0,77.0,0,,
1,34573, Control_c,0,64,0,,
1,34697, Control_c,0,64,127,,
1,34949, Control_c,0,64,0,,
1,35040, Note_on_c,0,65.0,41,,
1,35040, Note_on_c,0,77.0,39,,
1,35040, Note_on_c,0,58.0,52,,
1,35040, Note_off_c,0,30.0,0,,
1,35040, Note_off_c,0,79.0,0,,
1,35040, Note_off_c,0,58.0,0,,
1,35040, Tempo,585366,,,,
1,35040, Note_on_c,0,70.0,43,,
1,35040, Note_off_c,0,65.0,0,,
1,35040, Note_off_c,0,43.0,0,,
1,35040, Note_on_c,0,43.0,48,,
1,35040, Note_on_c,0,65.0,51,,
1,35131, Control_c,0,64,127,,
1,35040, Note_off_c,0,63.0,0,,
1,35040, Note_off_c,0,76.0,0,,
1,35520, Tempo,591133,,,,
1,35520, Note_on_c,0,67.0,32,,
1,35520, Note_on_c,0,30.0,41,,
1,35520, Note_off_c,0,67.0,0,,
1,35520, Note_off_c,0,69.0,0,,
1,35520, Note_on_c,0,63.0,43,,
1,35520, Note_on_c,0,60.0,44,,
1,35520, Note_on_c,0,72.0,51,,
1,35520, Note_off_c,0,60.0,0,,
1,35520, Note_on_c,0,69.0,42,,
1,35520, Note_off_c,0,68.0,0,,
1,35534, Control_c,0,64,0,,
1,35657, Control_c,0,64,127,,
1,36000, Tempo,588235,,,,
1,36000, Note_on_c,0,68.0,35,,
1,36000, Note_off_c,0,77.0,0,,
1,36000, Note_off_c,0,43.0,0,,
1,36000, Note_off_c,0,70.0,0,,
1,36000, Note_off_c,0,69.0,0,,
1,36000, Note_off_c,0,72.0,0,,
1,36000, Note_off_c,0,63.0,0,,
1,36000, Note_on_c,0,34.0,42,,
1,36000, Note_on_c,0,58.0,46,,
1,36000, Note_on_c,0,67.0,39,,
1,36006, Control_c,0,64,0,,
1,36172, Control_c,0,64,127,,
1,36480, Tempo,600000,,,,
1,36480, Note_on_c,0,70.0,36,,
1,36480, Note_on_c,0,29.0,32,,
1,36480, Note_off_c,0,67.0,0,,
1,36480, Note_on_c,0,57.0,51,,
1,36480, Note_off_c,0,57.0,0,,
1,36480, Note_on_c,0,62.0,42,,
1,36480, Note_off_c,0,65.0,0,,
1,36480, Note_on_c,0,43.0,45,,
1,36480, Note_on_c,0,48.0,40,,
1,36480, Note_off_c,0,58.0,0,,
1,36491, Control_c,0,64,0,,
1,36652, Control_c,0,64,127,,
1,36960, Tempo,585366,,,,
1,36960, Note_on_c,0,63.0,35,,
1,36960, Note_off_c,0,48.0,0,,
1,36960, Note_off_c,0,63.0,0,,
1,36960, Note_off_c,0,55.0,0,,
1,36960, Note_on_c,0,74.0,41,,
1,36960, Note_on_c,0,45.0,45,,
1,36960, Note_on_c,0,42.0,40,,
1,36960, Note_on_c,0,44.0,36,,
1,36960, Note_on_c,0,63.0,32,,
1,36960, Note_off_c,0,74.0,0,,
1,36972, Control_c,0,64,0,,
1,37120, Control_c,0,64,127,,
1,37440, Tempo,600000,,,,
1,37440, Note_on_c,0,55.0,46,,
1,37440, Note_on_c,0,60.0,57,,
1,37440, Note_off_c,0,68.0,0,,
1,37440, Note_off_c,0,62.0,0,,
1,37440, Note_on_c,0,56.0,47,,
1,37440, Note_off_c,0,60.0,0,,
1,37440, Note_off_c,0,70.0,0,,
1,37440, Note_on_c,0,60.0,44,,
1,37440, Note_off_c,0,45.0,0,,
1,37440, Note_on_c,0,65.0,38,,
1,37452, Control_c,0,64,0,,
1,37589, Control_c,0,64,127,,
1,37920, Tempo,591133,,,,
1,37920, Note_on_c,0,45.0,49,,
1,37920, Note_on_c,0,74.0,48,,
1,37920, Note_on_c,0,82.0,44,,
1,37920, Note_off_c,0,60.0,0,,
1,37920, Note_off_c,0,65.0,0,,
1,37920, Note_off_c,0,54.0,0,,
1,37920, Note_on_c,0,39.0,53,,
1,37920, Note_on_c,0,58.0,44,,
1,37920, Note_on_c,0,62.0,33,,
1,37920, Note_on_c,0,67.0,43,,
1,37920, Control_c,0,64,0,,
1,38033, Control_c,0,64,127,,
1,37920, Note_off_c,0,34.0,0,,
1,37920, Note_on_c,0,72.0,44,,
1,38400, Note_off_c,0,62.0,0,,
1,38400, Note_on_c,0,50.0,51,,
1,38400, Note_off_c,0,58.0,0,,
1,38400, Note_on_c,0,69.0,46,,
1,38400, Note_off_c,0,63.0,0,,
1,38400, Note_on_c,0,60.0,36,,
1,38400, Note_on_c,0,65.0,39,,
1,38400, Note_on_c,0,70.0,46,,
1,38400, Note_off_c,0,72.0,0,,
1,38400, Note_off_c,0,65.0,0,,
1,38412, Control_c,0,64,0,,
1,38598, Control_c,0,64,127,,
1,38880, Tempo,597015,,,,
1,38880, Note_on_c,0,77.0,41,,
1,38880, Note_on_c,0,65.0,36,,
1,38880, Note_on_c,0,38.0,30,,
1,38880, Note_off_c,0,29.0,0,,
1,38880, Note_off_c,0,69.0,0,,
1,38880, Note_off_c,0,74.0,0,,
1,38880, Note_on_c,0,58.0,40,,
1,38880, Note_on_c,0,72.0,54,,
1,38880, Note_on_c,0,36.0,47,,
1,38880, Note_on_c,0,57.0,45,,
1,38892, Control_c,0,64,0,,
1,38920, Tempo,594059,,,,
1,39092, Control_c,0,64,127,,
1,39360, Tempo,603015,,,,
1,39360, Note_on_c,0,68.0,37,,
1,39360, Note_off_c,0,53.0,0,,
1,39360, Note_on_c,0,69.0,48,,
1,39360, Note_on_c,0,48.0,47,,
1,39360, Note_off_c,0,60.0,0,,
1,39360, Note_off_c,0,43.0,0,,
1,39360, Note_off_c,0,70.0,0,,
1,39360, Note_off_c,0,33.0,0,,
1,39360, Note_off_c,0,55.0,0,,
1,39360, Note_on_c,0,84.0,43,,
1,39372, Control_c,0,64,0,,
1,39516, Control_c,0,64,127,,
1,39840, Tempo,582524,,,,
1,39840, Note_off_c,0,68.0,0,,
1,39840, Note_off_c,0,65.0,0,,
1,39840, Note_on_c,0,78.0,51,,
1,39840, Note_off_c,0,42.0,0,,
1,39840, Note_on_c,0,68.0,45,,
1,39840, Note_off_c,0,45.0,0,,
1,39840, Note_on_c,0,65.0,33,,
1,39840, Note_on_c,0,42.0,42,,
1,39840, Note_on_c,0,76.0,45,,
1,39840, Note_off_c,0,64.0,0,,
1,39854, Control_c,0,64,0,,
1,39981, Control_c,0,64,127,,
1,40080, Tempo,591133,,,,
1,39840, Note_off_c,0,72.0,0,,
1,39840, Note_on_c,0,62.0,51,,
1,40320, Tempo,603015,,,,
1,40320, Note_on_c,0,70.0,48,,
1,40320, Note_off_c,0,57.0,0,,
1,40320, Note_on_c,0,60.0,36,,
1,40320, Note_off_c,0,65.0,0,,
1,40320, Note_on_c,0,33.0,43,,
1,40320, Note_on_c,0,41.0,43,,
1,40320, Note_off_c,0,68.0,0,,
1,40320, Note_on_c,0,65.0,46,,
1,40320, Note_off_c,0,75.0,0,,
1,40320, Note_off_c,0,36.0,0,,
1,40332, Control_c,0,64,0,,
1,40490, Control_c,0,64,127,,
1,40673, Control_c,0,64,0,,
1,40800, Note_off_c,0,70.0,0,,
1,40800, Note_off_c,0,50.0,0,,
1,40800, Note_on_c,0,55.0,46,,
1,40800, Note_off_c,0,48.0,0,,
1,40800, Note_on_c,0,63.0,35,,
1,40800, Tempo,594059,,,,
1,40800, Note_off_c,0,65.0,0,,
1,40800, Note_on_c,0,75.0,37,,
1,40800, Note_on_c,0,50.0,46,,
1,40800, Note_on_c,0,45.0,42,,
1,40800, Note_off_c,0,63.0,0,,
1,40891, Control_c,0,64,127,,
1,40800, Note_on_c,0,65.0,39,,
1,40800, Note_on_c,0,57.0,33,,
1,41280, Tempo,600000,,,,
1,41280, Note_on_c,0,43.0,29,,
1,41280, Note_off_c,0,77.0,0,,
1,41280, Note_on_c,0,70.0,48,,
1,41280, Note_off_c,0,43.0,0,,
1,41280, Note_on_c,0,29.0,50,,
1,41280, Note_on_c,0,53.0,45,,
1,41280, Note_on_c,0,48.0,44,,
1,41280, Note_off_c,0,30.0,0,,
1,41280, Note_off_c,0,57.0,0,,
1,41280, Note_off_c,0,38.0,0,,
1,41292, Control_c,0,64,0,,
1,41440, Control_c,0,64,127,,
1,41760, Note_off_c,0,31.0,0,,
1,41760, Note_off_c,0,70.0,0,,
1,41760, Note_on_c,0,77.0,36,,
1,41760, Note_off_c,0,77.0,0,,
1,41760, Note_on_c,0,63.0,42,,
1,41760, Note_off_c,0,65.0,0,,
1,41760, Note_off_c,0,62.0,0,,
1,41760, Note_off_c,0,33.0,0,,
1,41760, Note_on_c,0,34.0,45,,
1,41760, Note_on_c,0,65.0,39,,
1,41773, Control_c,0,64,0,,
1,41886, Control_c,0,64,127,,
1,42240, Tempo,591133,,,,
1,42240, Note_on_c,0,38.0,46,,
1,42240, Note_off_c,0,60.0,0,,
1,42240, Note_on_c,0,72.0,43,,
1,42240, Note_on_c,0,70.0,34,,
1,42240, Note_off_c,0,70.0,0,,
1,42240, Note_on_c,0,68.0,44,,
1,42240, Note_on_c,0,64.0,47,,
1,42240, Note_on_c,0,36.0,52,,
1,42240, Note_off_c,0,64.0,0,,
1,42240, Note_off_c,0,65.0,0,,
1,42251, Control_c,0,64,0,,
1,42389, Control_c,0,64,127,,
1,42240, Note_on_c,0,77.0,52,,
1,42240, Note_on_c,0,79.0,34,,
1,42720, Tempo,603015,,,,
1,42720, Note_off_c,0,45.0,0,,
1,42720, Note_on_c,0,31.0,42,,
1,42720, Note_off_c,0,53.0,0,,
1,42720, Note_on_c,0,65.0,52,,
1,42720, Note_on_c,0,46.0,45,,
1,42720, Note_off_c,0,67.0,0,,
1,42720, Note_on_c,0,67.0,52,,
1,42720, Note_off_c,0,77.0,0,,
1,42720, Note_off_c,0,65.0,0,,
1,42720, Note_on_c,0,43.0,52,,
1,42733, Control_c,0,64,0,,
1,42834, Control_c,0,64,127,,
1,43200, Tempo,591133,,,,
1,43200, Note_on_c,0,65.0,37,,
1,43200, Note_on_c,0,74.0,36,,
1,43200, Note_off_c,0,58.0,0,,
1,43200, Note_off_c,0,65.0,0,,
1,43200, Note_off_c,0,67.0,0,,
1,43200, Note_off_c,0,76.0,0,,
1,43200, Note_off_c,0,84.0,0,,
1,43200, Note_on_c,0,58.0,43,,
1,43200, Note_off_c,0,58.0,0,,
1,43200, Note_off_c,0,41.0,0,,
1,43211, Control_c,0,64,0,,
1,43372, Control_c,0,64,127,,
1,43440, Tempo,576923,,,,
1,43200, Note_on_c,0,67.0,43,,
1,43200, Note_on_c,0,65.0,39,,
1,43680, Tempo,591133,,,,
1,43680, Note_off_c,0,46.0,0,,
1,43680, Note_off_c,0,72.0,0,,
1,43680, Note_on_c,0,77.0,37,,
1,43680, Note_off_c,0,31.0,0,,
1,43680, Note_on_c,0,72.0,37,,
1,43680, Note_off_c,0,48.0,0,,
1,43680, Note_off_c,0,34.0,0,,
1,43680, Note_on_c,0,70.0,46,,
1,43680, Note_off_c,0,70.0,0,,
1,43680, Note_off_c,0,74.0,0,,
1,43683, Control_c,0,64,0,,
1,43840, Control_c,0,64,127,,
1,44160, Note_on_c,0,60.0,50,,
1,44160, Note_off_c,0,72.0,0,,
1,44160, Note_off_c,0,65.0,0,,
1,44160, Note_off_c,0,60.0,0,,
1,44160, Note_on_c,0,72.0,42,,
1,44160, Note_on_c,0,53.0,35,,
1,44160, Note_on_c,0,65.0,42,,
1,44160, Note_on_c,0,60.0,83,,
1,44160, Note_off_c,0,60.0,0,,
1,44160, Note_off_c,0,29.0,0,,
1,44173, Control_c,0,64,0,,
1,44332, Control_c,0,64,127,,
1,44640, Tempo,612245,,,,
1,44640, Note_on_c,0,45.0,84,,
1,44640, Note_off_c,0,69.0,0,,
1,44640, Note_on_c,0,62.0,62,,
1,44640, Note_on_c,0,33.0,57,,
1,44640, Note_off_c,0,65.0,0,,
1,44640, Note_on_c,0,65.0,74,,
1,44640, Note_off_c,0,72.0,0,,
1,44640, Note_on_c,0,30.0,80,,
1,44640, Note_on_c,0,69.0,68,,
1,44640, Note_off_c,0,43.0,0,,
1,44643, Control_c,0,64,0,,
1,44777, Control_c,0,64,127,,
1,44983, Control_c,0,64,0,,
1,45120, Note_on_c,0,48.0,69,,
1,45120, Note_on_c,0,40.0,65,,
1,45120, Note_off_c,0,68.0,0,,
1,45120, Note_off_c,0,40.0,0,,
1,45120, Note_off_c,0,65.0,0,,
1,45120, Tempo,591133,,,,
1,45120, Note_on_c,0,43.0,55,,
1,45120, Note_off_c,0,63.0,0,,
1,45120, Note_on_c,0,65.0,71,,
1,45120, Note_off_c,0,67.0,0,,
1,45246, Control_c,0,64,127,,
1,45600, Tempo,579710,,,,
1,45600, Note_off_c,0,65.0,0,,
1,45600, Note_off_c,0,38.0,0,,
1,45600, Note_on_c,0,65.0,75,,
1,45600, Note_on_c,0,58.0,64,,
1,45600, Note_on_c,0,74.0,74,,
1,45600, Note_on_c,0,29.0,62,,
1,45600, Note_off_c,0,53.0,0,,
1,45600, Note_off_c,0,44.0,0,,
1,45600, Note_off_c,0,58.0,0,,
1,45600, Note_on_c,0,68.0,63,,
1,45606, Control_c,0,64,0,,
1,45703, Control_c,0,64,127,,
1,45840, Tempo,594059,,,,
1,45600, Note_off_c,0,33.0,0,,
1,45600, Note_off_c,0,79.0,0,,
1,45600, Note_off_c,0,65.0,0,,
1,45600, Note_on_c,0,53.0,61,,
1,45600, Note_on_c,0,81.0,51,,
1,45600, Note_off_c,0,81.0,0,,
1,46080, Tempo,585366,,,,
1,46080, Note_off_c,0,45.0,0,,
1,46080, Note_on_c,0,67.0,63,,
1,46080, Note_on_c,0,58.0,70,,
1,46080, Note_on_c,0,31.0,60,,
1,46080, Note_off_c,0,55.0,0,,
1,46080, Note_on_c,0,46.0,55,,
1,46080, Note_on_c,0,81.0,48,,
1,46080, Note_off_c,0,43.0,0,,
1,46080, Note_off_c,0,50.0,0,,
1,46080, Note_off_c,0,77.0,0,,
1,46091, Control_c,0,64,0,,
1,46195, Control_c,0,64,127,,
1,46320, Tempo,594059,,,,
1,46080, Note_on_c,0,33.0,70,,
1,46080, Note_on_c,0,38.0,70,,
1,46080, Note_off_c,0,46.0,0,,
1,46080, Note_off_c,0,74.0,0,,
1,46080, Note_off_c,0,62.0,0,,
1,46080, Note_on_c,0,51.0,82,,
1,46080, Note_off_c,0,73.0,0,,
1,46080, Note_on_c,0,46.0,63,,
1,46080, Note_on_c,0,55.0,54,,
1,46080, Note_on_c,0,72.0,71,,
1,46080, Note_off_c,0,72.0,0,,
1,46329, Control_c,0,64,0,,
1,46411, Control_c,0,64,127,,
1,46560, Note_off_c,0,58.0,0,,
1,46560, Note_off_c,0,69.0,0,,
1,46560, Note_on_c,0,41.0,71,,
1,46560, Note_on_c,0,63.0,84,,
1,46560, Note_on_c,0,62.0,56,,
1,46560, Note_off_c,0,42.0,0,,
1,46560, Note_on_c,0,76.0,66,,
1,46560, Note_off_c,0,29.0,0,,
1,46560, Note_off_c,0,36.0,0,,
1,46560, Note_on_c,0,58.0,73,,
1,46560, Control_c,0,64,0,,
1,46701, Control_c,0,64,127,,
1,47040, Note_off_c,0,53.0,0,,
1,47040, Note_off_c,0,75.0,0,,
1,47040, Note_off_c,0,58.0,0,,
1,47040, Note_on_c,0,58.0,85,,
1,47040, Note_on_c,0,72.0,75,,
1,47040, Note_on_c,0,60.0,71,,
1,47040, Note_on_c,0,65.0,68,,
1,47040, Note_off_c,0,58.0,0,,
1,47040, Note_off_c,0,62.0,0,,
1,47040, Note_on_c,0,29.0,56,,
1,47052, Control_c,0,64,0,,
1,47209, Control_c,0,64,127,,
1,47520, Tempo,594059,,,,
1,47520, Note_on_c,0,57.0,73,,
1,47520, Note_off_c,0,65.0,0,,
1,47520, Note_off_c,0,55.0,0,,
1,47520, Note_on_c,0,65.0,91,,
1,47520, Note_off_c,0,63.0,0,,
1,47520, Note_on_c,0,36.0,77,,
1,47520, Note_on_c,0,43.0,76,,
1,47520, Note_off_c,0,67.0,0,,
1,47520, Note_off_c,0,41.0,0,,
1,47520, Note_on_c,0,58.0,65,,
1,47520, Note_off_c,0,65.0,0,,
1,47533, Control_c,0,64,0,,
1,47704, Control_c,0,64,127,,
1,48000, Tempo,600000,,,,
1,48000, Note_on_c,0,45.0,52,,
1,48000, Note_on_c,0,79.0,80,,
1,48000, Note_on_c,0,41.0,71,,
1,48000, Note_off_c,0,33.0,0,,
1,48000, Note_off_c,0,58.0,0,,
1,48000, Note_off_c,0,60.0,0,,
1,48000, Note_on_c,0,67.0,71,,
1,48000, Note_on_c,0,70.0,89,,
1,48000, Note_on_c,0,74.0,60,,
1,48000, Note_on_c,0,34.0,63,,
1,48000, Note_off_c,0,43.0,0,,
1,48000, Note_on_c,0,65.0,76,,
1,48012, Control_c,0,64,0,,
1,48184, Control_c,0,64,127,,
1,48000, Note_on_c,0,43.0,92,,
1,48000, Note_on_c,0,60.0,73,,
1,48000, Note_off_c,0,67.0,0,,
1,48000, Note_on_c,0,67.0,54,,
1,48000, Note_off_c,0,41.0,0,,
1,48000, Note_off_c,0,56.0,0,,
1,48480, Note_off_c,0,43.0,0,,
1,48480, Note_off_c,0,31.0,0,,
1,48480, Note_off_c,0,67.0,0,,
1,48480, Note_off_c,0,72.0,0,,
1,48480, Note_off_c,0,82.0,0,,
1,48480, Note_on_c,0,72.0,84,,
1,48480, Note_off_c,0,72.0,0,,
1,48480, Note_off_c,0,65.0,0,,
1,48494, Control_c,0,64,0,,
1,48607, Control_c,0,64,127,,
1,48890, Control_c,0,64,0,,
1,48960, Note_on_c,0,41.0,80,,
1,48960, Note_off_c,0,74.0,0,,
1,48960, Note_off_c,0,60.0,0,,
1,48960, Note_on_c,0,65.0,69,,
1,48960, Note_off_c,0,76.0,0,,
1,48960, Note_on_c,0,62.0,57,,
1,48960, Note_off_c,0,65.0,0,,
1,48960, Note_on_c,0,54.0,65,,
1,49073, Control_c,0,64,127,,
1,49440, Note_on_c,0,63.0,69,,
1,49440, Note_off_c,0,46.0,0,,
1,49440, Note_off_c,0,48.0,0,,
1,49440, Note_on_c,0,50.0,66,,
1,49440, Note_on_c,0,65.0,81,,
1,49440, Note_on_c,0,67.0,60,,
1,49440, Note_on_c,0,31.0,57,,
1,49440, Note_off_c,0,49.0,0,,
1,49440, Control_c,0,64,0,,
1,49567, Control_c,0,64,127,,
1,49920, Tempo,571429,,,,
1,49920, Note_off_c,0,38.0,0,,
1,49920, Note_on_c,0,74.0,71,,
1,49920, Note_off_c,0,31.0,0,,
1,49920, Note_off_c,0,70.0,0,,
1,49920, Note_off_c,0,57.0,0,,
1,49920, Note_off_c,0,45.0,0,,
1,49920, Note_off_c,0,62.0,0,,
1,49920, Note_off_c,0,41.0,0,,
1,49920, Note_on_c,0,48.0,63,,
1,49920, Note_on_c,0,31.0,59,,
1,49932, Control_c,0,64,0,,
1,50089, Control_c,0,64,127,,
1,50160, Tempo,579710,,,,
1,49920, Note_on_c,0,72.0,71,,
1,49920, Note_on_c,0,70.0,66,,
1,49920, Note_on_c,0,46.0,61,,
1,49920, Note_off_c,0,79.0,0,,
1,49920, Note_off_c,0,50.0,0,,
1,49920, Note_off_c,0,70.0,0,,
1,50400, Tempo,571429,,,,
1,50400, Note_on_c,0,75.0,64,,
1,50400, Note_on_c,0,58.0,53,,
1,50400, Note_off_c,0,46.0,0,,
1,50400, Note_on_c,0,44.0,65,,
1,50400, Note_on_c,0,55.0,66,,
1,50400, Note_on_c,0,41.0,59,,
1,50400, Note_off_c,0,39.0,0,,
1,50400, Note_off_c,0,41.0,0,,
1,50400, Note_off_c,0,68.0,0,,
1,50400, Note_on_c,0,46.0,59,,
1,50402, Control_c,0,64,0,,
1,50513, Control_c,0,64,127,,
1,50640, Tempo,585366,,,,
1,50400, Note_off_c,0,72.0,0,,
1,50400, Note_on_c,0,60.0,46,,
1,50400, Note_on_c,0,41.0,64,,
1,50400, Note_off_c,0,65.0,0,,
1,50400, Note_off_c,0,34.0,0,,
1,50400, Note_on_c,0,39.0,71,,
1,50400, Note_on_c,0,65.0,61,,
1,50400, Note_on_c,0,72.0,65,,
1,50400, Note_on_c,0,43.0,52,,
1,50400, Note_on_c,0,33.0,74,,
1,50400, Note_off_c,0,67.0,0,,
1,50647, Control_c,0,64,0,,
1,50725, Control_c,0,64,127,,
1,50880, Note_on_c,0,77.0,86,,
1,50880, Note_on_c,0,67.0,76,,
1,50880, Note_off_c,0,31.0,0,,
1,50880, Note_off_c,0,41.0,0,,
1,50880, Note_off_c,0,48.0,0,,
1,50880, Note_off_c,0,77.0,0,,
1,50880, Note_off_c,0,72.0,0,,
1,50880, Note_off_c,0,46.0,0,,
1,50880, Note_off_c,0,43.0,0,,
1,50880, Note_off_c,0,63.0,0,,
1,50894, Control_c,0,64,0,,
1,51021, Control_c,0,64,127,,
1,51360, Tempo,603015,,,,
1,51360, Note_off_c,0,65.0,0,,
1,51360, Note_off_c,0,74.0,0,,
1,51360, Note_off_c,0,58.0,0,,
1,51360, Note_off_c,0,67.0,0,,
1,51360, Note_on_c,0,46.0,66,,
1,51360, Note_on_c,0,45.0,60,,
1,51360, Note_off_c,0,55.0,0,,
1,51360, Note_on_c,0,65.0,71,,
1,51360, Note_on_c,0,41.0,83,,
1,51360, Note_on_c,0,72.0,82,,
1,51372, Control_c,0,64,0,,
1,51558, Control_c,0,64,127,,
1,51840, Note_off_c,0,46.0,0,,
1,51840, Note_on_c,0,55.0,74,,
1,51840, Note_on_c,0,70.0,66,,
1,51840, Note_on_c,0,46.0,59,,
1,51840, Note_on_c,0,69.0,73,,
1,51840, Note_on_c,0,63.0,78,,
1,51840, Note_off_c,0,55.0,0,,
1,51840, Note_on_c,0,67.0,75,,
1,51840, Note_off_c,0,81.0,0,,
1,51840, Note_on_c,0,58.0,85,,
1,51840, Note_off_c,0,70.0,0,,
1,51840, Control_c,0,64,0,,
1,51967, Control_c,0,64,127,,
1,52320, Tempo,594059,,,,
1,52320, Note_on_c,0,77.0,79,,
1,52320, Note_on_c,0,74.0,57,,
1,52320, Note_off_c,0,63.0,0,,
1,52320, Note_off_c,0,29.0,0,,
1,52320, Note_off_c,0,65.0,0,,
1,52320, Note_on_c,0,65.0,76,,
1,52320, Note_on_c,0,63.0,79,,
1,52320, Note_off_c,0,65.0,0,,
1,52320, Note_off_c,0,77.0,0,,
1,52320, Note_on_c,0,79.0,67,,
1,52320, Note_off_c,0,79.0,0,,
1,52320, Note_on_c,0,31.0,83,,
1,52320, Control_c,0,64,0,,
1,52447, Control_c,0,64,127,,
1,52320, Note_on_c,0,43.0,78,,
1,52320, Note_on_c,0,53.0,55,,
1,52320, Note_off_c,0,51.0,0,,
1,52320, Note_on_c,0,65.0,70,,
1,52320, Note_off_c,0,45.0,0,,
1,52320, Note_on_c,0,55.0,83,,
1,52600, Tempo,600000,,,,
1,52800, Note_off_c,0,63.0,0,,
1,52800, Note_off_c,0,39.0,0,,
1,52800, Note_off_c,0,44.0,0,,
1,52800, Note_on_c,0,70.0,87,,
1,52800, Note_off_c,0,43.0,0,,
1,52800, Note_on_c,0,56.0,61,,
1,52800, Note_on_c,0,82.0,66,,
1,52800, Note_on_c,0,64.0,89,,
1,52812, Control_c,0,64,0,,
1,53026, Control_c,0,64,127,,
1,53181, Control_c,0,64,0,,
1,53280, Note_off_c,0,55.0,0,,
1,53280, Note_off_c,0,67.0,0,,
1,53280, Note_on_c,0,43.0,67,,
1,53280, Note_off_c,0,65.0,0,,
1,53280, Tempo,600000,,,,
1,53280, Note_off_c,0,70.0,0,,
1,53280, Note_off_c,0,69.0,0,,
1,53280, Note_off_c,0,74.0,0,,
1,53280, Note_on_c,0,49.0,55,,
1,53464, Control_c,0,64,127,,
1,53760, Note_on_c,0,70.0,76,,
1,53760, Note_off_c,0,33.0,0,,
1,53760, Note_on_c,0,65.0,88,,
1,53760, Note_off_c,0,53.0,0,,
1,53760, Note_off_c,0,41.0,0,,
1,53760, Note_on_c,0,79.0,72,,
1,53760, Note_off_c,0,65.0,0,,
1,53760, Note_off_c,0,60.0,0,,
1,53772, Control_c,0,64,0,,
1,53930, Control_c,0,64,127,,
1,54156, Control_c,0,64,0,,
1,54240, Note_on_c,0,42.0,87,,
1,54240, Note_off_c,0,70.0,0,,
1,54240, Note_off_c,0,64.0,0,,
1,54240, Note_on_c,0,38.0,67,,
1,54240, Note_on_c,0,70.0,79,,
1,54240, Note_off_c,0,58.0,0,,
1,54438, Control_c,0,64,127,,
1,54720, Tempo,588235,,,,
1,54720, Note_off_c,0,75.0,0,,
1,54720, Note_on_c,0,75.0,76,,
1,54720, Note_on_c,0,64.0,81,,
1,54720, Note_off_c,0,46.0,0,,
1,54729, Control_c,0,64,0,,
1,54861, Control_c,0,64,127,,
1,55200, Tempo,594059,,,,
1,55200, Note_on_c,0,46.0,86,,
1,55200, Note_on_c,0,63.0,55,,
1,55200, Note_off_c,0,72.0,0,,
1,55200, Note_off_c,0,79.0,0,,
1,55200, Note_off_c,0,64.0,0,,
1,55200, Note_on_c,0,57.0,68,,
1,55200, Note_on_c,0,50.0,66,,
1,55200, Note_off_c,0,31.0,0,,
1,55200, Control_c,0,64,0,,
1,55292, Control_c,0,64,127,,
1,55440, Tempo,603015,,,,
1,55200, Note_off_c,0,43.0,0,,
1,55200, Note_on_c,0,65.0,79,,
1,55200, Note_on_c,0,43.0,85,,
1,55200, Note_on_c,0,41.0,67,,
1,55200, Note_on_c,0,72.0,52,,
1,55200, Note_on_c,0,55.0,64,,
1,55680, Tempo,609137,,,,
1,55680, Note_off_c,0,41.0,0,,
1,55680, Note_off_c,0,75.0,0,,
1,55680, Note_on_c,0,77.0,94,,
1,55680, Note_on_c,0,62.0,74,,
1,55680, Note_off_c,0,78.0,0,,
1,55680, Note_off_c,0,55.0,0,,
1,55680, Note_off_c,0,70.0,0,,
1,55680, Note_on_c,0,48.0,51,,
1,55688, Control_c,0,64,0,,
1,55806, Control_c,0,64,127,,
1,56046, Control_c,0,64,0,,
1,56160, Note_on_c,0,41.0,65,,
1,56160, Note_off_c,0,30.0,0,,
1,56160, Note_off_c,0,63.0,0,,
1,56160, Note_off_c,0,77.0,0,,
1,56160, Tempo,600000,,,,
1,56160, Note_on_c,0,31.0,91,,
1,56160, Note_off_c,0,65.0,0,,
1,56160, Note_on_c,0,58.0,74,,
1,56160, Note_on_c,0,79.0,56,,
1,56320, Control_c,0,64,127,,
1,56640, Tempo,625000,,,,
1,56640, Note_on_c,0,69.0,68,,
1,56640, Note_on_c,0,33.0,74,,
1,56640, Note_off_c,0,58.0,0,,
1,56640, Note_off_c,0,48.0,0,,
1,56640, Note_off_c,0,43.0,0,,
1,56640, Note_on_c,0,74.0,75,,
1,56640, Note_on_c,0,29.0,87,,
1,56640, Note_on_c,0,81.0,56,,
1,56653, Control_c,0,64,0,,
1,56766, Control_c,0,64,127,,
1,57052, Control_c,0,64,0,,
1,57120, Note_on_c,0,65.0,67,,
1,57120, Note_off_c,0,72.0,0,,
1,57120, Note_off_c,0,74.0,0,,
1,57120, Note_off_c,0,56.0,0,,
1,57120, Tempo,609137,,,,
1,57120, Note_off_c,0,38.0,0,,
1,57120, Note_off_c,0,65.0,0,,
1,57120, Note_off_c,0,57.0,0,,
1,57120, Note_on_c,0,64.0,74,,
1,57120, Note_on_c,0,45.0,74,,
1,57280, Control_c,0,64,127,,
1,57600, Note_off_c,0,45.0,0,,
1,57600, Note_off_c,0,69.0,0,,
1,57600, Note_off_c,0,41.0,0,,
1,57600, Note_on_c,0,65.0,88,,
1,57600, Note_off_c,0,65.0,0,,
1,57600, Note_on_c,0,74.0,57,,
1,57600, Note_on_c,0,58.0,66,,
1,57600, Note_on_c,0,43.0,78,,
1,57600, Note_on_c,0,67.0,78,,
1,57600, Note_on_c,0,41.0,92,,
1,57607, Control_c,0,64,0,,
1,57760, Control_c,0,64,127,,
1,58080, Tempo,600000,,,,
1,58080, Note_on_c,0,70.0,58,,
1,58080, Note_on_c,0,72.0,65,,
1,58080, Note_on_c,0,63.0,71,,
1,58080, Note_off_c,0,70.0,0,,
1,58080, Note_on_c,0,65.0,85,,
1,58080, Note_off_c,0,67.0,0,,
1,58080, Note_on_c,0,60.0,73,,
1,58080, Note_off_c,0,46.0,0,,
1,58080, Note_on_c,0,70.0,72,,
1,58080, Note_off_c,0,74.0,0,,
1,58080, Control_c,0,64,0,,
1,58207, Control_c,0,64,127,,
1,58560, Tempo,585366,,,,
1,58560, Note_off_c,0,72.0,0,,
1,58560, Note_off_c,0,58.0,0,,
1,58560, Note_on_c,0,58.0,58,,
1,58560, Note_on_c,0,68.0,67,,
1,58560, Note_on_c,0,74.0,68,,
1,58560, Note_on_c,0,77.0,79,,
1,58560, Note_off_c,0,60.0,0,,
1,58560, Note_off_c,0,42.0,0,,
1,58560, Note_on_c,0,44.0,74,,
1,58560, Note_off_c,0,77.0,0,,
1,58560, Note_off_c,0,62.0,0,,
1,58572, Control_c,0,64,0,,
1,58701, Control_c,0,64,127,,
1,58800, Tempo,618557,,,,
1,58560, Note_off_c,0,29.0,0,,
1,58560, Note_off_c,0,80.0,0,,
1,58560, Note_on_c,0,66.0,73,,
1,58560, Note_off_c,0,43.0,0,,
1,58560, Note_off_c,0,74.0,0,,
1,58560, Note_off_c,0,68.0,0,,
1,59040, Tempo,609137,,,,
1,59040, Note_off_c,0,70.0,0,,
1,59040, Note_off_c,0,65.0,0,,
1,59040, Note_on_c,0,53.0,72,,
1,59040, Note_on_c,0,34.0,86,,
1,59040, Note_on_c,0,69.0,67,,
1,59040, Note_on_c,0,55.0,52,,
1,59040, Note_on_c,0,77.0,67,,
1,59040, Note_on_c,0,80.0,85,,
1,59040, Note_on_c,0,67.0,75,,
1,59040, Note_off_c,0,79.0,0,,
1,59051, Control_c,0,64,0,,
1,59196, Control_c,0,64,127,,
1,59520, Tempo,600000,,,,
1,59520, Note_on_c,0,68.0,71,,
1,59520, Note_on_c,0,29.0,71,,
1,59520, Note_on_c,0,72.0,57,,
1,59520, Note_on_c,0,48.0,74,,
1,59520, Note_off_c,0,72.0,0,,
1,59520, Note_off_c,0,67.0,0,,
1,59520, Note_on_c,0,65.0,69,,
1,59520, Note_on_c,0,70.0,69,,
1,59520, Note_on_c,0,79.0,83,,
1,59520, Note_on_c,0,62.0,76,,
1,59520, Note_off_c,0,41.0,0,,
1,59520, Note_off_c,0,77.0,0,,
1,59532, Control_c,0,64,0,,
1,59675, Control_c,0,64,127,,
1,59520, Note_off_c,0,63.0,0,,
1,59520, Note_off_c,0,58.0,0,,
1,59520, Note_off_c,0,65.0,0,,
1,59520, Note_on_c,0,60.0,72,,
1,59520, Note_on_c,0,67.0,67,,
1,59520, Note_off_c,0,48.0,0,,
1,60000, Tempo,609137,,,,
1,60000, Note_on_c,0,43.0,52,,
1,60000, Note_off_c,0,79.0,0,,
1,60000, Note_off_c,0,70.0,0,,
1,60000, Note_off_c,0,80.0,0,,
1,60000, Note_on_c,0,46.0,65,,
1,60000, Note_off_c,0,53.0,0,,
1,60000, Note_on_c,0,65.0,74,,
1,60000, Note_on_c,0,77.0,69,,
1,60000, Note_off_c,0,68.0,0,,
1,60000, Note_off_c,0,67.0,0,,
1,60015, Control_c,0,64,0,,
1,60170, Control_c,0,64,127,,
1,60466, Control_c,0,64,0,,
1,60480, Note_on_c,0,74.0,83,,
1,60480, Note_on_c,0,78.0,71,,
1,60480, Note_off_c,0,55.0,0,,
1,60480, Note_on_c,0,41.0,53,,
1,60480, Note_off_c,0,29.0,0,,
1,60480, Note_off_c,0,74.0,0,,
1,60480, Note_on_c,0,76.0,62,,
1,60480, Note_off_c,0,77.0,0,,
1,60480, Note_on_c,0,68.0,82,,
1,60480, Note_on_c,0,75.0,76,,
1,60480, Note_off_c,0,75.0,0,,
1,60480, Note_on_c,0,38.0,71,,
1,60621, Control_c,0,64,127,,
1,60960, Note_off_c,0,65.0,0,,
1,60960, Note_off_c,0,64.0,0,,
1,60960, Note_off_c,0,38.0,0,,
1,60960, Note_off_c,0,50.0,0,,
1,60960, Note_off_c,0,60.0,0,,
1,60960, Note_on_c,0,45.0,68,,
1,60960, Note_on_c,0,57.0,56,,
1,60960, Note_off_c,0,31.0,0,,
1,60960, Note_off_c,0,45.0,0,,
1,60960, Note_off_c,0,41.0,0,,
1,60960, Note_on_c,0,75.0,60,,
1,60960, Note_off_c,0,46.0,0,,
1,60960, Control_c,0,64,0,,
1,61143, Control_c,0,64,127,,
1,61440, Note_on_c,0,65.0,75,,
1,61440, Note_off_c,0,65.0,0,,
1,61440, Note_off_c,0,69.0,0,,
1,61440, Note_off_c,0,62.0,0,,
1,61440, Note_on_c,0,53.0,71,,
1,61440, Note_on_c,0,63.0,67,,
1,61440, Note_on_c,0,41.0,56,,
1,61440, Note_on_c,0,51.0,52,,
1,61440, Note_on_c,0,72.0,63,,
1,61440, Note_on_c,0,65.0,64,,
1,61440, Note_on_c,0,73.0,74,,
1,61440, Note_on_c,0,70.0,70,,
1,61452, Control_c,0,64,0,,
1,61646, Control_c,0,64,127,,
1,61920, Tempo,621762,,,,
1,61920, Note_off_c,0,70.0,0,,
1,61920, Note_on_c,0,69.0,48,,
1,61920, Note_on_c,0,77.0,62,,
1,61920, Note_off_c,0,41.0,0,,
1,61920, Note_on_c,0,55.0,80,,
1,61920, Note_off_c,0,33.0,0,,
1,61920, Note_off_c,0,44.0,0,,
1,61920, Note_off_c,0,65.0,0,,
1,61920, Note_on_c,0,58.0,84,,
1,61920, Note_on_c,0,61.0,85,,
1,61920, Note_on_c,0,29.0,61,,
1,61927, Control_c,0,64,0,,
1,62103, Control_c,0,64,127,,
1,62400, Note_off_c,0,55.0,0,,
1,62400, Note_on_c,0,60.0,65,,
1,62400, Note_on_c,0,67.0,78,,
1,62400, Note_on_c,0,65.0,84,,
1,62400, Note_off_c,0,65.0,0,,
1,62385, Control_c,0,64,0,,
1,62400, Tempo,609137,,,,
1,62400, Note_on_c,0,56.0,84,,
1,62400, Note_on_c,0,30.0,58,,
1,62400, Note_off_c,0,77.0,0,,
1,62400, Note_off_c,0,34.0,0,,
1,62400, Note_off_c,0,60.0,0,,
1,62583, Control_c,0,64,127,,
1,62880, Note_off_c,0,73.0,0,,
1,62880, Note_off_c,0,29.0,0,,
1,62880, Note_off_c,0,51.0,0,,
1,62880, Note_on_c,0,65.0,62,,
1,62880, Note_on_c,0,45.0,85,,
1,62880, Note_off_c,0,58.0,0,,
1,62880, Note_on_c,0,73.0,88,,
1,62880, Note_on_c,0,33.0,73,,
1,62880, Note_on_c,0,29.0,62,,
1,62880, Note_on_c,0,58.0,60,,
1,62891, Control_c,0,64,0,,
1,63017, Control_c,0,64,127,,
1,63360, Note_off_c,0,68.0,0,,
1,63360, Note_on_c,0,70.0,74,,
1,63360, Note_off_c,0,67.0,0,,
1,63360, Note_on_c,0,48.0,71,,
1,63360, Note_off_c,0,81.0,0,,
1,63360, Note_off_c,0,45.0,0,,
1,63360, Note_on_c,0,60.0,76,,
1,63360, Note_on_c,0,77.0,83,,
1,63360, Note_off_c,0,48.0,0,,
1,63360, Note_off_c,0,65.0,0,,
1,63372, Control_c,0,64,0,,
1,63589, Control_c,0,64,127,,
1,63840, Tempo,621762,,,,
1,63840, Note_off_c,0,75.0,0,,
1,63840, Note_on_c,0,81.0,62,,
1,63840, Note_off_c,0,76.0,0,,
1,63840, Note_on_c,0,34.0,62,,
1,63840, Note_off_c,0,34.0,0,,
1,63840, Note_off_c,0,72.0,0,,
1,63840, Note_off_c,0,77.0,0,,
1,63840, Note_on_c,0,72.0,77,,
1,63840, Note_on_c,0,67.0,65,,
1,63840, Note_on_c,0,34.0,77,,
1,63840, Note_on_c,0,84.0,83,,
1,63840, Control_c,0,64,0,,
1,63925, Control_c,0,64,127,,
1,63840, Note_off_c,0,78.0,0,,
1,63840, Note_off_c,0,57.0,0,,
1,63840, Note_off_c,0,69.0,0,,
1,63840, Note_on_c,0,62.0,71,,
1,63840, Note_off_c,0,34.0,0,,
1,63840, Note_on_c,0,44.0,72,,
1,64320, Tempo,609137,,,,
1,64320, Note_off_c,0,70.0,0,,
1,64320, Note_off_c,0,72.0,0,,
1,64320, Note_on_c,0,74.0,60,,
1,64320, Note_off_c,0,74.0,0,,
1,64320, Note_off_c,0,62.0,0,,
1,64320, Note_on_c,0,75.0,58,,
1,64320, Note_off_c,0,60.0,0,,
1,64320, Note_on_c,0,55.0,77,,
1,64320, Note_on_c,0,60.0,78,,
1,64320, Note_on_c,0,74.0,89,,
1,64332, Control_c,0,64,0,,
1,64546, Control_c,0,64,127,,
1,64800, Tempo,625000,,,,
1,64800, Note_on_c,0,62.0,74,,
1,64800, Note_on_c,0,72.0,66,,
1,64800, Note_on_c,0,77.0,58,,
1,64800, Note_off_c,0,72.0,0,,
1,64800, Note_off_c,0,67.0,0,,
1,64800, Note_off_c,0,63.0,0,,
1,64800, Note_on_c,0,67.0,82,,
1,64800, Note_off_c,0,61.0,0,,
1,64800, Note_off_c,0,55.0,0,,
1,64800, Note_on_c,0,55.0,91,,
1,64800, Note_off_c,0,67.0,0,,
1,64800, Note_off_c,0,56.0,0,,
1,64812, Control_c,0,64,0,,
1,64998, Control_c,0,64,127,,
1,65280, Tempo,674157,,,,
1,65280, Note_on_c,0,67.0,77,,
1,65280, Note_on_c,0,68.0,77,,
1,65280, Note_off_c,0,29.0,0,,
1,65280, Note_off_c,0,77.0,0,,
1,65280, Note_off_c,0,68.0,0,,
1,65280, Note_off_c,0,55.0,0,,
1,65280, Note_on_c,0,65.0,62,,
1,65280, Note_on_c,0,41.0,55,,
1,65280, Note_on_c,0,68.0,74,,
1,65280, Note_on_c,0,31.0,84,,
1,65280, Note_on_c,0,48.0,72,,
1,65280, Note_on_c,0,77.0,72,,
1,65287, Control_c,0,64,0,,
1,65436, Control_c,0,64,127,,
1,65760, Tempo,718563,,,,
1,65760, Note_off_c,0,36.0,0,,
1,65760, Note_off_c,0,77.0,0,,
1,65760, Note_on_c,0,40.0,59,,
1,65760, Note_off_c,0,75.0,0,,
1,65760, Note_off_c,0,62.0,0,,
1,65760, Note_on_c,0,72.0,52,,
1,65760, Note_off_c,0,58.0,0,,
1,65760, Note_off_c,0,82.0,0,,
1,65760, Note_off_c,0,65.0,0,,
1,65760, Note_off_c,0,33.0,0,,
1,65760, Note_off_c,0,67.0,0,,
1,65760, Note_off_c,0,43.0,0,,
1,65772, Control_c,0,64,0,,
1,65916, Control_c,0,64,127,,
1,66240, Tempo,1153846,,,,
1,65760, Note_off_c,0,72.0,0,,
1,65760, Note_on_c,0,65.0,86,,
1,65760, Note_on_c,0,72.0,73,,
1,65760, Note_on_c,0,77.0,73,,
1,65760, Note_off_c,0,53.0,0,,
1,65760, Note_off_c,0,41.0,0,,
1,65760, Note_on_c,0,75.0,62,,
1,65760, Note_off_c,0,65.0,0,,
1,65760, Note_off_c,0,72.0,0,,
1,65760, Note_on_c,0,43.0,52,,
1,65760, Note_on_c,0,41.0,73,,
1,66253, Control_c,0,64,0,,
1,66367, Control_c,0,64,127,,
1,66565, Control_c,0,64,0,,
1,66565, End_track,,,,,
0,0, End_of_file,,,,,
